{"name":"5ca74f6c-c700-4cc2-be3c-3151671eb418","id":"/providers/Microsoft.Flow/flows/5ca74f6c-c700-4cc2-be3c-3151671eb418","type":"Microsoft.Flow/flows","properties":{"apiId":"/providers/Microsoft.PowerApps/apis/shared_logicflows","displayName":"ParseN-AbleBilling","definition":{"metadata":{"workflowEntityId":null,"processAdvisorMetadata":null,"flowChargedByPaygo":null,"flowclientsuspensionreason":"None","flowclientsuspensiontime":null,"flowclientsuspensionreasondetails":null,"creator":{"id":"27df1909-7bd9-40e2-a4ca-74118a8ce730","type":"User","tenantId":"4f4b99f3-8fde-4ffa-8989-04680bb56aa7"},"provisioningMethod":"FromDefinition","failureAlertSubscription":true,"clientLastModifiedTime":"2023-11-02T10:54:37.1201436Z","connectionKeySavedTimeKey":"2023-11-11T07:17:50.2100246Z"},"$schema":"https://schema.management.azure.com/providers/Microsoft.Logic/schemas/2016-06-01/workflowdefinition.json#","contentVersion":"1.0.0.0","parameters":{"$connections":{"defaultValue":{},"type":"Object"},"$authentication":{"defaultValue":{},"type":"SecureObject"}},"triggers":{"manual":{"metadata":{"operationMetadataId":"7fb368f4-ef16-48e0-86dd-a7f40779d6cc"},"type":"Request","kind":"Button","inputs":{"schema":{"type":"object","properties":{"text":{"title":"EmailMessage","type":"string","x-ms-dynamically-added":true,"description":"Please enter your input","x-ms-content-hint":"TEXT"}},"required":["text"]}}}},"actions":{"BillingDataMSC":{"runAfter":{"CRLF2":["Succeeded"]},"metadata":{"operationMetadataId":"e7674d85-3aaa-42f3-9729-13846fbd9e1f"},"type":"InitializeVariable","inputs":{"variables":[{"name":"BillingDataMSC","type":"string","value":"@triggerBody()['text']"}]}},"ArrayData":{"runAfter":{"BillingDataMSC":["Succeeded"]},"metadata":{"operationMetadataId":"38e37b93-4a43-4af1-bbc1-c434a19a0874"},"type":"InitializeVariable","inputs":{"variables":[{"name":"ArrayData","type":"array","value":"@split(variables('BillingDataMSC'),variables('CRLF2'))"}]}},"SizeOfArray":{"runAfter":{"ArrayData":["Succeeded"]},"metadata":{"operationMetadataId":"ca9fd7f2-c444-4f83-80bd-662b82e8a204"},"type":"InitializeVariable","inputs":{"variables":[{"name":"SizeOfArray","type":"integer","value":"@length(variables('ArrayData'))"}]}},"Apply_to_each":{"foreach":"@variables('ArrayData')","actions":{"Condition":{"actions":{"Append_to_array_variable":{"runAfter":{"CustomerName_3":["Succeeded"]},"metadata":{"operationMetadataId":"cf761da2-d77d-4172-8ad4-8e4a7cb85891"},"type":"AppendToArrayVariable","inputs":{"name":"Customernames","value":"@outputs('CustomerName_3')"}},"Get_First_Index_of_CustomerName":{"runAfter":{},"metadata":{"operationMetadataId":"08ba4e77-956d-4c4f-84ee-627276c927f5"},"type":"Compose","inputs":"@add(int(indexOf(items('Apply_to_each'), 'for customer ')), 13)"},"Get_Last_Index_of_CustomerName":{"runAfter":{"Customername_2":["Succeeded"]},"metadata":{"operationMetadataId":"ccd339b2-043f-4e9b-8d4a-c268ec32081c"},"type":"Compose","inputs":"@int(indexOf(outputs('Customername_2'), ' (id '))"},"Get_Length_of_CustomerName":{"runAfter":{"Get_Last_Index_of_CustomerName":["Succeeded"]},"metadata":{"operationMetadataId":"69db2012-8b21-4dd6-9f91-9ab2cc866509"},"type":"Compose","inputs":"@sub(outputs('Get_Last_Index_of_CustomerName'),2)"},"Customername_2":{"runAfter":{"Get_First_Index_of_CustomerName":["Succeeded"]},"metadata":{"operationMetadataId":"b0f0054f-b272-4e12-b963-77928b071d8c"},"type":"Compose","inputs":"@substring(items('Apply_to_each'),outputs('Get_First_Index_of_CustomerName'))"},"CustomerName_3":{"runAfter":{"Get_Length_of_CustomerName":["Succeeded"]},"metadata":{"operationMetadataId":"08ba4e77-956d-4c4f-84ee-627276c927f5"},"type":"Compose","inputs":"@substring(outputs('Customername_2'),1,outputs('Get_Length_of_CustomerName'))"},"Get_First_Index_of_LicenseName":{"runAfter":{"Append_to_array_variable":["Succeeded"]},"metadata":{"operationMetadataId":"dab16a80-887e-47aa-8de9-5d89ac4324de"},"type":"Compose","inputs":"@add(int(indexOf(items('Apply_to_each'), ') for filter ')), 13)"},"LicenseName":{"runAfter":{"Get_First_Index_of_LicenseName":["Succeeded"]},"metadata":{"operationMetadataId":"b0f0054f-b272-4e12-b963-77928b071d8c"},"type":"Compose","inputs":"@substring(items('Apply_to_each'), outputs('Get_First_Index_of_LicenseName'))"},"Get_Last_Index_of_LicenseName":{"runAfter":{"LicenseName":["Succeeded"]},"metadata":{"operationMetadataId":"ccd339b2-043f-4e9b-8d4a-c268ec32081c"},"type":"Compose","inputs":"@int(indexOf(outputs('LicenseName'), ' (id '))"},"Get_Length_of_LicenseName":{"runAfter":{"Get_Last_Index_of_LicenseName":["Succeeded"]},"metadata":{"operationMetadataId":"69db2012-8b21-4dd6-9f91-9ab2cc866509"},"type":"Compose","inputs":"@sub(outputs('Get_Last_Index_of_LicenseName'), 2)"},"LicenseName_2":{"runAfter":{"Get_Length_of_LicenseName":["Succeeded"]},"metadata":{"operationMetadataId":"08ba4e77-956d-4c4f-84ee-627276c927f5"},"type":"Compose","inputs":"@substring(outputs('LicenseName'), 1, outputs('Get_Length_of_LicenseName'))"},"Append_to_array_variable_2":{"runAfter":{"LicenseName_2":["Succeeded"]},"metadata":{"operationMetadataId":"7a32ab63-8d35-46bb-8904-b4bde241544a"},"type":"AppendToArrayVariable","inputs":{"name":"License","value":"@outputs('LicenseName_2')"}},"Append_to_array_variable_3":{"runAfter":{"Error":["Succeeded"]},"metadata":{"operationMetadataId":"9a578dd2-28d7-4582-bd55-fef13321c2d6"},"type":"AppendToArrayVariable","inputs":{"name":"Error","value":"@outputs('Error')"}},"Append_to_string_variable":{"runAfter":{"Append_to_array_variable_3":["Succeeded"]},"metadata":{"operationMetadataId":"907b6834-ac77-43d3-8caf-264e72184c07"},"type":"AppendToStringVariable","inputs":{"name":"EmailText","value":"  <tr>\n    <td>@{outputs('CustomerName_3')}</td>\n    <td>@{outputs('LicenseName_2')}</td>\n    <td>@{outputs('Error')}</td>\n  </tr>"}},"Error":{"runAfter":{"MessageSplit":["Succeeded"]},"metadata":{"operationMetadataId":"40f5d12e-9010-4cef-908c-48552147f40c"},"type":"Compose","inputs":"@last(outputs('MessageSplit'))"},"MessageSplit":{"runAfter":{"Append_to_array_variable_2":["Succeeded"]},"metadata":{"operationMetadataId":"d427cf94-25f2-4ff7-a6bd-4e652425b793"},"type":"Compose","inputs":"@split(items('Apply_to_each'),variables('CRLF'))"}},"runAfter":{},"expression":{"and":[{"contains":["@items('Apply_to_each')","- ERROR: Unable to update billing for Billing Profile:"]},{"not":{"contains":["@items('Apply_to_each')","with count: 0"]}}]},"metadata":{"operationMetadataId":"30b4a0b0-eb8f-4dcb-9e00-69929660779e"},"type":"If"}},"runAfter":{"EmailText":["Succeeded"]},"metadata":{"operationMetadataId":"2dfdae15-46c3-4796-830e-e7219666b8d7"},"type":"Foreach"},"Customernames_Array":{"runAfter":{"SizeOfArray":["Succeeded"]},"metadata":{"operationMetadataId":"681512a5-6b33-446d-b03c-0fa950edfbca"},"type":"InitializeVariable","inputs":{"variables":[{"name":"Customernames","type":"array"}]}},"License_Array":{"runAfter":{"Customernames_Array":["Succeeded"]},"metadata":{"operationMetadataId":"57d68e20-5402-46bc-8992-b129c3f40932"},"type":"InitializeVariable","inputs":{"variables":[{"name":"License","type":"array"}]}},"Error_Array":{"runAfter":{"License_Array":["Succeeded"]},"metadata":{"operationMetadataId":"042b55cd-2f75-4192-95d4-e37b729437b8"},"type":"InitializeVariable","inputs":{"variables":[{"name":"Error","type":"array"}]}},"Condition_2":{"actions":{"Send_an_email_(V2)":{"runAfter":{},"metadata":{"operationMetadataId":"718b2f64-df90-4ec6-83f5-d647bfa9ef62"},"type":"OpenApiConnection","inputs":{"host":{"apiId":"/providers/Microsoft.PowerApps/apis/shared_office365","connectionName":"shared_office365","operationId":"SendEmailV2"},"parameters":{"emailMessage/To":"monitoring@symbis.nl","emailMessage/Subject":"Licentie Export N-Able Errors","emailMessage/Body":"<p>@{variables('EmailText')}</p>","emailMessage/Importance":"Normal"},"authentication":"@parameters('$authentication')"}}},"runAfter":{"Append_to_string_variable_2":["Succeeded"]},"expression":{"not":{"equals":["@length(variables('Customernames'))",0]}},"metadata":{"operationMetadataId":"a65edb4e-7116-430b-8123-893dbbd0914c"},"type":"If"},"EmailText":{"runAfter":{"Error_Array":["Succeeded"]},"metadata":{"operationMetadataId":"0b2079c8-806c-476b-8286-e29bdccdd79a"},"type":"InitializeVariable","inputs":{"variables":[{"name":"EmailText","type":"string","value":"<table>\n  <tr>\n    <th>Klantnaam</th>\n    <th>Licentie</th>\n    <th>Error</th>\n  </tr>"}]}},"Append_to_string_variable_2":{"runAfter":{"Apply_to_each":["Succeeded"]},"metadata":{"operationMetadataId":"da913cdf-7be0-4194-8f07-b20751fca0d5"},"type":"AppendToStringVariable","inputs":{"name":"EmailText","value":"</table>"}},"CRLF":{"runAfter":{},"metadata":{"operationMetadataId":"a8710444-b696-44bc-a95d-71807b51e18e"},"type":"InitializeVariable","inputs":{"variables":[{"name":"CRLF","type":"string","value":"\n"}]}},"CRLF2":{"runAfter":{"CRLF":["Succeeded"]},"metadata":{"operationMetadataId":"97b16e39-5c96-492e-953d-2f8987837d4b"},"type":"InitializeVariable","inputs":{"variables":[{"name":"CRLF2","type":"string","value":"\n\n"}]}}}},"connectionReferences":{"shared_office365":{"connectionName":"shared-office365-1ff8e748-a777-4185-9661-4a06-e0a77a73","source":"Embedded","id":"/providers/Microsoft.PowerApps/apis/shared_office365","tier":"NotSpecified"}},"flowFailureAlertSubscribed":false,"isManaged":false}}